Alireza Hassanzadegan <a.hassanzadegan@gmail.com> AlirezaBGE <a.hassanzadegan@gmail.com>
Aqeel Chaudhry <Aqeel.Chaudhry@ifgt.tu-freiberg.de> aachaudhry <aqeel318@gmail.com>
Carolin Helbig <carolin.helbig@ufz.de>
Chaofan Chen <chaofan.chen@ufz.de>
Chaofan Chen <chaofan.chen@ufz.de> <cchaofan1311@gmail.com>
Christian Silbermann <christian.silbermann@ifgt.tu-freiberg.de> cbsilver <christian.silbermann@ifgt.tu-freiberg.de>
Christoph Lehmann <christoph.lehmann@ufz.de> <chleh@users.noreply.github.com>
Dmitri Naumov <dmitri.naumov@ufz.de> <github@naumov.de>
Dmitri Naumov <dmitri.naumov@ufz.de> Dmitrij Naumov <dmitrij@naumov.de>
Dmitri Naumov <dmitri.naumov@ufz.de> Dmitry Yu. Naumov <dmitri.naumov@ufz.de>
Dominik Kern <dominik.kern1@ifgt.tu-freiberg.de> <dominik.kern.ifgt@gmail.com>
Eric Simo <eric.simo@bge.de> ericsimo <kuateric>
Florian Zill <florian.zill@ufz.de> Florian Krupsack <florian.krupsack@ufz.de>
Florian Zill <florian.zill@ufz.de> FZill <48240078+FZill@users.noreply.github.com>
Florian Zill <florian.zill@ufz.de> FZill <florian.zill@ufz.de>
Francesco Parisio <francesco.parisio@ufz.de> <francesco.parisio@protonmail.com>
Haibing Shao <haibing.shao@ufz.de> <36633245+HBShaoUFZ@users.noreply.github.com>
Haibing Shao <haibing.shao@ufz.de> HBShaoUFZ
Jaime Garibay <jaimegaribay.1@gmail.com> garibay-j <jaimegaribay.1@gmail.com>
Jan Thiedau <jan.thiedau@bgr.de> <44462589+ThieJan@users.noreply.github.com>
Jan Thiedau <jan.thiedau@bgr.de> Jan Thiedau <Jan.Thiedau@bgr.de>
Jan Thiedau <jan.thiedau@bgr.de> ThieJan <jan.thiedau@bgr.de>
Jasper Bathmann <jasper.bathmann@ufz.de>
Jeremie Lagraviere <jeremie.lagraviere@gmail.com>
Johannes Boog <johannes.boog@ufz.de> <johannesboog@yahoo.de>
Jörg Buchwald <joerg.buchwald@ufz.de> joerg <joerg.buchwald@ufz.de>
Jörg Buchwald <joerg.buchwald@ufz.de> joerg <joerg@debian>
Jörg Buchwald <joerg.buchwald@ufz.de> joergbuchwald <44933043+joergbuchwald@users.noreply.github.com>
Jörg Buchwald <joerg.buchwald@ufz.de> joergbuchwald <joerg.buchwald@ufz.de>
Karsten Rink <karsten.rink@ufz.de>
Keita Yoshioka <keita.yoshioka@ufz.de>
Keita Yoshioka <keita.yoshioka@ufz.de> <32516139+KeitaYoshioka@users.noreply.github.com>
Lars Bilke <lars.bilke@ufz.de> <bilke@users.noreply.github.com> <lars@bilke.info>
Lars Bilke <lars.bilke@ufz.de> Lars Bilke <lars@bilke.info>
Lars Bilke <lars.bilke@ufz.de> Lars Bilke <larsbilke83@googlemail.com>
Marc Walther <marc.walther@ufz.de>
Mostafa Mollaali <mostafa.mollaali@ufz.de> MostafaMollaali <m.molaali@gmail.com>
Myles English <mylesenglish@gmail.com>
Norbert Grunwald <norbert.grunwald@ufz.de> <n.g.boettcher@gmail.com>
Norbert Grunwald <norbert.grunwald@ufz.de> <Norbert.Grunwald@ufz.de>
Norihiro Watanabe <norihiro.watanabe@ufz.de> <norihiro.watanabe@aist.go.jp>
Norihiro Watanabe <norihiro.watanabe@ufz.de> <norihiro.w@gmail.com>
OGS Bot[bot] <no-email> git@dev2 <lars.bilke@ufz.de>
OGS Bot[bot] <no-email> GitLab Runner <ci@opengeosys.org>
OGS Bot[bot] <no-email> OGS Bot <larsbilke@web.de>
OGS Bot[bot] <no-email> OGS Bot <larsbilke@web.de>
OGS Bot[bot] <no-email> ogsbot <larsbilke@web.de>
Renchao Lu <renchao.lu@ufz.de> <renchao.lu@gmail.com>
Renchao Lu <renchao.lu@ufz.de> <lur@modmon128.intranet.ufz.de>
Renchao Lu <renchao.lu@ufz.de> renchao.lu <renchao.lu@ufz.de>
Reza Taher Dang Koo <reza.taherdangkoo@ifgt.tu-freiberg.de> rezataherdangkoo <reza.taherdangkoo@gmail.com>
Shuang Chen <shuang.chen@bgr.de> <gechenshuang88@gmail.com>
Shuang Chen <shuang.chen@bgr.de> Shuang Chen <shuang.chen@ufz.de>
Tengfei Deng <Tengfei.Deng@doktorand.tu-freiberg.de> tengfeideng <54792615+tengfeideng@users.noreply.github.com>
Tengfei Deng <Tengfei.Deng@doktorand.tu-freiberg.de> tengfeideng <dengtengfei2016@hotmail.com>
Thomas Fischer <thomas.fischer@ufz.de> <123_tom_dabei@web.de> <Thomas.Fischer@ufz.de>
Thomas Fischer <thomas.fischer@ufz.de> <Thomas.Fischer@ufz.de>
Thomas Kalbacher <thomas.kalbacher@ufz.de> Thomas-TK <thomas.kalbacher@ufz.de>
Thomas Nagel <thomas.nagel@ufz.de> <nagelt@tcd.ie>
Thomas Nagel <thomas.nagel@ufz.de> nagelt <thomas.nagel@ufz.de>
Thomas Nagel <thomas.nagel@ufz.de> tnagel <thomas.nagel@ufz.de>
Thomas Nagel <thomas.nagel@ufz.de> <thomas.nagel@ifgt.tu-freiberg.de>
Tianyuan Zheng <ichbinzty@gmail.com>
Tobias Meisel <tobias.meisel@ufz.de> <tobias.meisel@web.de>
Tobias Meisel <tobias.meisel@ufz.de>
Tuanny Cajuhi <Tuanny.Cajuhi@bgr.de> tcajuhi <trmcajuhi@gmail.com>
Vanessa Montoya <vanessa.montoya@ufz.de> montoyag <vanemonto@hotmail.com>
Vanessa Montoya <vanessa.montoya@ufz.de> montoyav <vanessa.montoya@ufz.de>
Wanlong Cai <cccwl828@gmail.com> Wanlong <cccwl828@gmail.com>
Wanlong Cai <cccwl828@gmail.com> WanlongCai <wanlong.cai@ufz.de>
Wenqing Wang <wenqing.wang@ufz.de>
Xing-Yuan Miao <miaoxingyuan@live.cn> <xing-yuan.miao@ufz.de>
Xing-Yuan Miao <miaoxingyuan@live.cn> xingyuanmiao <xingyuanmiao@users.noreply.github.com>
Xing-Yuan Miao <miaoxingyuan@live.cn> xymiao
Yonghui Huang <huangyh56@gmail.com>
Yonghui Huang <huangyh56@gmail.com> Yonghui <huangyh56@gmial.com>
Yonghui Huang <huangyh56@gmail.com> Yonghui56 <huangyh56@gmail.com>
Zhang Ning <zhangning737@gmail.com> Rooney <43574869+zhangning737@users.noreply.github.com>
Zhang Ning <zhangning737@gmail.com> zhangning737 <zhangning737@gmail.com>
dependabot[bot] <no-email> dependabot[bot] <49699333+dependabot[bot]@users.noreply.github.com>
dependabot[bot] <no-email> dependabot[bot] <dependabot[bot]@users.noreply.github.com>
Robert Habel <Robert.Habel@student.tu-freiberg.de> Robert Habel <robert.habel@student.tu-freiberg.de>
Linda Günther <linda.guenther@student.tu-freiberg.de> Linda Günther <Linda.Guenther@student.tu-freiberg.de>
Sophia Einspänner <sophia.einspaenner@student.tu-freiberg.de> Sophia Einspänner <Sophia.Einspaenner@student.tu-freiberg.de>
Jakob Randow <jakob.randow@web.de> jrandow <jakob.randow@htwk-leipzig.de>
Jakob Randow <jakob.randow@web.de> jrandow <jakob.randow@web.de>
Olaf Kolditz <olaf.kolditz@ufz.de>
Falko Vehling <falko.vehling@ufz.de>
Julian Heinze <julian.heinze@ufz.de>
Tao You <hhutyou@126.com>
Matthes Kantzenbach <m.kantzenbach@outlook.de>
Feliks K. Kiszkurno <feliks-kuba.kiszkurno@ufz.de>
Philipp Selzer <philipp.selzer@ufz.de>
Philipp Selzer <philipp.selzer@ufz.de> <Philipp.Selzer@gmx.net>
Joy Brato Shil <joybroto6@gmail.com>
Frieder Loer <frieder.loer@ufz.de>
